,Date,Title
0,2020-10-01,Google pauses News Showcase launch in Australia over royalties spat
1,2020-09-25,Microsoft's Bing wins slots in Google's EU mobile search auction
2,2020-08-26,"Italy probes Apple, Google and Dropbox cloud storage services"
3,2020-08-21,"Facebook, Google withdraw FCC request for undersea cable to Hong Kong"
4,2020-08-04,"Samsung to make chips for Cisco, Google - report"
5,2020-07-14,Google-backed Amwell indicates to open at $20-$22 ....$24-$25....$25-$26
6,2020-08-05,Google pauses Hong Kong data requests
7,2020-07-30,Opera launches Opera for Business and partners with Google My Business
8,2020-06-25,"Google, UK sign memo of understanding on cloud services"
9,2020-04-29,Google ordered to pay French publishers
10,2020-04-23,Google in talks to acquire cloud firm D2iQ - Axios
11,2020-04-28,"Google, New York team on unemployment portal"
12,2020-05-08,Google building new offices in Canada
13,2020-03-06,Google acquires retail tech company
14,2020-02-21,"Google, state AGs settle on outside consultants - CNBC"
15,2020-01-03,"AT&T, Google team on 5G edge computing"
16,2019-12-12,"Google ramps up Video conference wars, making Meet free"
17,2020-03-11,Google delays the Android 11 Beta announcement amid U.S. protests
18,2020-02-21,Google Health now has more than 500 employees
19,2020-02-26,"The best performing equity ETFs in 2020 so far don't own Facebook, Amazon, , Apple and Microsoft"
20,2019-12-18,Genius sues Google for song lyric theft
21,2019-11-15,Google Search prioritizes original stories
22,2019-12-10,Senators ask Google to reclassify employees
23,2019-10-18,Google hires Microsoft vet to head G suite
24,2020-02-04,Google launches Shoelace social network
25,2019-09-27,Google hires former FDA head for healthcare
26,2020-02-27,"Google, Telecom Italia team on data centers"
27,2019-10-01,Google's music subscribers stall - WSJ
28,2019-08-13,Google researchers disclose Apple Safari's flaws
29,2019-12-03,Google launches Play Pass to rival Apple Arcade
30,2019-10-15,Russia warns Google on advertising after election protests
31,2019-07-21,"Google to acquire Elastifile, reportedly for $200M-$250M"
32,2019-01-03,Google deal to improve Cuba connectivity
33,2019-06-18,Google Shopping comes to India
34,2019-02-19,"Elastic, MongoDB gain on Google partnership"
35,2019-09-10,WSJ: Google didn't disclose spring Google Plus breach
36,2019-05-22,"Google Assistant, Pay coming to NYC transit"
37,2018-11-27,Google rolls out Google Jobs
38,2019-02-25,Google's cell service comes to iPhone
39,2019-04-15,Google roundup: Assistant's busy CES19
40,2018-11-08,Google's annual hardware event on tap
41,2019-02-20,Lyft hires Google engineer as AI head
42,2019-02-19,Google fights satellite operators on 5G spectrum - The Information
43,2019-06-01,Google Cloud taps SAP exec as sales head
44,2019-03-19,Amazon launching mobile ads challenging Google - Bloomberg
45,2018-12-17,Google CEO testifies for House committee (updates)
46,2019-01-02,Google CEO will testify to Congress next week
47,2019-03-27,"Oracle: Google ""fabricated concern"" in court petition"
48,2018-09-18,Link tax may shutter Google News in EU
49,2018-01-05,SunTrust weighs in on Google's Criteo impact
50,2019-01-28,Google confirms October 9 preorders for Pixel 3
51,2018-10-18,CNBC: Chinese company manufactures Google's Titan Key
52,2018-08-28,Arizona is investigating Google's location tracking practices
53,2018-08-30,Amwell expands partnership with Tyto Care
54,2018-07-19,"Report: HUD also probing Google, Twitter over ad discrimination"
55,2018-10-04,"Google Cloud disruptions hit Snapchat, Spotify"
56,2017-12-05,Now testing: Play Assassin's Creed in Google Chrome
57,2019-07-25,EU preparing next fine on Google
58,2019-02-01,Google will acquire enterprise cloud migration company
59,2019-04-08,Is Google Glass still alive?
60,2018-11-02,Google could launch an AirPod alternative
61,2018-05-02,London court blocks mass legal action against Google
62,2017-07-26,Latest news as Google prepares to re-enter China
63,2017-07-13,Google to demote apps with performance issues
64,2018-02-21,"Palantir direct listing reference price set at $7.25, Asana at $21"
65,2018-05-07,Google defeats conservative YouTube video lawsuit
66,2018-08-16,Google rolls out new ad muting features
67,2017-06-19,Report: Google to pay $2B for Chelsea Market building
68,2018-09-21,Google acquires Limes Audio
69,2018-10-01,WSJ: Google facing multibillion-euro fine from EU over Android
70,2017-11-20,"Google, KB Home team to put hardware in new homes"
71,2016-09-21,"NYT: Pentagon project causing ""existential crisis"" within Google"
72,2018-08-23,Google announces $1B job training and education grants
73,2018-10-18,Google reverses (part of) crypto ad ban
74,2020-09-14,Google's antitrust settlement offer includes a competitor auction
75,2017-09-19,Google weighs sale of satellite business
76,2017-09-11,Google investigating Pixel 2 XL screen issue
77,2018-09-19,"Amazon will resume selling Apple TV, Google Chromecast"
78,2018-02-27,The Information: Capital One switches from Microsoft to Google cloud products
79,2017-07-05,Cisco and Google announce hybrid cloud partnership
80,2018-09-18,Google apologizes over YouTube ads
81,2017-05-17,Publishers push back on Google's plan to share data consent duties
82,2018-04-30,Google plans $13B spree on U.S. data centers
83,2017-09-28,Nutanix -10% on report Google plans private cloud offering
84,2016-10-04,Google partners with CSRA; Assistant can now send money
85,2018-03-27,Google expands Instant play games; YouTube testing new feature
86,2016-04-20,Google Assistant gets routines; phone and carrier-specific actions coming soon
87,2017-06-28,"Google building three underwater cables to expand Cloud, compete with Amazon"
88,2020-09-18,Google plans 2017 release of second-generation Pixel
89,2017-08-22,"VMware plans to expand to Microsoft, Google cloud platforms"
90,2017-04-25,Google CEO to meet with European Commission in Brussels
91,2018-05-24,Bloomberg: Google in talks to buy Nokia's airborne broadband system (update)
92,2016-09-08,Alphabet's life sciences group moves into health insurance
93,2017-08-04,Google rejects EU on antitrust charges
94,2017-11-14,Google offering broad-scale display of election data
95,2016-08-15,Variety: Google hires Apple chip architect for Pixel phones
96,2017-06-22,Google Fiber gains ordinance approval in Nashville
97,2018-03-20,Google Glass gets a second chance
98,2016-07-07,"Bitcoin below $9,000 on Google's ad ban"
99,2017-10-06,EU set to hit Google with third antitrust charge
100,2017-07-20,"Google pays women less than men, says Labor Dept."
101,2017-06-27,Google's Titan Key gets general release; Trump sends mixed signals on regulation
102,2018-07-02,"Google saved $3.7B in taxes through Irish, Dutch tax structure"
103,2018-07-16,Google to push Congress about self-driving cars
104,2017-08-04,"Report: Google, Tencent, JD.com investing in Indonesian ride-hail"
105,2017-05-31,Google invests $4.5M on artificial intelligence research in Montreal
106,2015-12-23,Google Self-Driving Car Project records 2M miles
107,2018-07-17,Bernstein halts coverage on internet stocks after analyst defects to Google
108,2017-01-10,Google's appeal of $6.75M penalty in Russian antirust case rejected
109,2016-06-26,Google signs on to EU-U.S. Privacy Shield Framework
110,2016-09-20,EU announces antitrust charges against Google
111,2017-09-27,Internet/platform stocks rise on bullish initiation at KeyBanc
112,2017-09-19,Google updates Android Auto to display specialized interface directly on phones
113,2017-08-16,Report: Google plans to join Apple in giving developers better subscription terms
114,2016-04-29,Google selects HTC for new Nexus tablet
115,2016-10-21,New Google CFO lands mega pay package
116,2014-06-17,Google will let users stream games onto mobile search pages
117,2020-08-22,Google Pixel reviews overall positive ahead of release
118,2016-03-13,"BMO upgrades Google ahead of earnings, predicts multiple expansion"
119,2017-01-17,"New Google CEO Pichai names sales, advertising, and Android SVPs"
120,2017-06-14,Google Capital takes stake in Care.com
121,2016-02-03,Nasdaq futures buoyed by Google and Amazon
122,2017-06-23,Google up strongly after WSJ reports of spending/hiring curbs
123,2017-05-11,Google challenges Amazon with overnight delivery for NorCal
124,2017-01-27,Google recalls staff to U.S. after Trump immigration ban order
125,2020-08-20,"Google, Microsoft end phone/Xbox patent battle, agree to cooperate"
126,2014-04-03,Alphabet weighed taking minority stake in TikTok - Bloomberg
127,2016-04-21,Morgan Stanley pegs Google's Pixel revenue at $3.8B for 2017
128,2015-09-18,Baidu demos Google Glass rival
129,2013-09-18,"Apple hires former Google AI head; touchless controls, curved screens for iPhones"
130,2015-01-30,FAANG reversal and industrial lift may be another signal of renaissance for real economy
131,2015-12-01,Google implementing policy to limit ads on pages deemed to comprise false information
132,2016-04-07,J&J and Google team up in robotic surgery
133,2015-01-29,"Google forms new structure, names Pichai CEO of core business; shares rise (updated)"
134,2014-10-31,Google plans to open 12 data centers as part of its efforts to battle Amazon
135,2020-09-17,Google's DoubleClick tops ad quality rankings
136,2016-02-11,Google
137,2014-09-12,Apple's Spotlight search dumps Google in favor of Bing
138,2016-04-28,Google to unveil Android powered TV set
139,2016-03-16,Google launches platform for interacting with smart devices
140,2016-01-15,Report: Google in talks to buy Pandora rival Songza
141,2014-02-21,Blucora partly renews Google deal for three years
142,2014-01-06,Google
143,2014-04-08,eBay spikes over speculation on Google stake
144,2020-06-08,Reports: Google selling Motorola phone unit to Lenovo
145,2014-02-11,Google acquires popular mobile sharing app Bump
146,2017-08-24,"Report: Facebook, Google dominate social logins"
147,2013-10-17,Are all-time low rates the key to keeping megacap momentum going?
148,2020-09-17,DOJ's Apple probe focusing on App Store payment rules - Bloomberg
149,2015-10-26,"Viacom settles with Google, tips further collaboration"
150,2014-02-26,Google unveils fully functional self-driving car prototype
151,2015-04-23,G Suite has 6M paying businesses
152,2015-05-22,Google's sales chief leaving for SoftBank; ad prices stabilizing
153,2015-01-30,"WSJ: Google testing Buy button, mulling Amazon Prime-like program"
154,2015-07-17,BlackBerry +4.3%; BES12 gets Google's seal of approval
155,2015-05-14,Google's mobile search ad share slips; new video ad services launched
156,2014-10-14,"Unity to raise $1.3B in IPO, prices 25M shares above range at $52"
157,2015-04-02,Reports: Google to make ad product chief YouTube CEO
158,2014-02-13,"News publishers jump into Apple fray, criticizing App Store terms"
159,2020-07-01,Google begins selling Glass to music subs; Himax rallies
160,2013-10-12,"Google's pop-up store opens in New York, deal with Best Buy Canada for in-store shops announced, Pixel available"
161,2014-12-05,Google (NASDAQ:GOOG) unveils a major overhaul to Google Maps and Earth (live blog)....
162,2014-04-17,"Amazon gains, eBay falls on ChannelAdvisor numbers; Google data mixed"
163,2013-09-25,Tech war escalates as Washington unveils 'Clean Network' program
164,2014-04-12,"Reports: Google close to ~$1B Skybox deal, Tango tablet on tap"
165,2014-03-20,Microsoft and Google to sue to release information on NSA surveillance involvement
166,2014-04-03,"Google shows off Android L, Wear, and Auto at I/O"
167,2013-10-04,Google targets brand advertisers with major display ad pricing change
168,2014-01-30,J.P. Morgan shores up top picks in online ad rebound
169,2013-10-30,Google reportedly went after Snapchat too; Loeb discloses stake
170,2013-08-29,"Google Glass display output ramping, Microsoft clone might arrive"
171,2015-10-06,Angie's List now 12% above IAC's offer price; HomeAdvisor partners with
172,2013-10-17,Google/Alphabet adds Chicago and L.A. to list of potential Fiber cities
173,2020-04-14,Microsoft reportedly testing Google Glass rival; Instagram coming to WP
174,2013-08-02,"WebMD gains; RBC calls company ""future Google of health care"""
175,2020-05-28,Twitch cementing dominance with new record quarter - report
176,2013-06-22,Alphabet upgraded on recovery positioning
177,2013-04-09,"Fitbit outperforms after CNBC column highlights Google data, provides favorable Citron quote"
178,2020-05-13,Alphabet target cut on weaker ad environment
179,2012-12-14,More on Google: The WSJ reports the FTC's investigation into Google's (NASDAQ:GOOG) search...
180,2012-08-08,"Google algorithm change dings eBay traffic, could force it to buy more ads"
181,2020-03-03,"Engineer at heart of Uber, Waymo spat pleads guilty"
182,2009-02-12,More Google (NASDAQ:GOOG) news: 1) Google is harshly criticizing a proposed German law that...
183,2012-04-11,"Google+'s (NASDAQ:GOOG) low user engagement rates may not bother much, suggests Matt..."
184,2020-04-21,"Google roundup: EU investigation, floating barges, self-driving cars, Nexus 5"
185,2020-05-21,"Google (NASDAQ:GOOG) has officially unveiled Google Drive (previous), and initial reviews are..."
186,2013-05-13,"Alphabet's Chronicle is imploding, losing execs - report"
187,2013-12-31,Quick take on Google/Motorola: Expect Google to start shopping Motorola's phone and set-top box...
188,2011-05-27,"Apple back above $600B in market cap, Exxon hangs on vs. Google for no. 2"
189,2020-02-13,"Google launches anti-aging firm, takes YouTube offline, preps Nexus 5"
190,2020-05-20,Alphabet raised on positive cloud checks
191,2019-01-07,GoodRx Holdings readies $100M IPO
192,2020-01-14,Here's where Yahoo and Google differ. Yahoo is disappointed Google won't go to court. ...
193,2020-01-03,Samsung slump sees Huawei become world's biggest smartphone vendor
195,2019-12-20,YouTube limits on children's videos starting soon
196,2012-04-18,"Some post-earnings Google (GOOG +2.9%) news: 1) Google has bought Sparrow, developer of popular..."
197,2020-07-13,"According to WSJ's sources, the Google phone is the real deal. As soon as next year, will..."
198,2010-01-21,"Google (NASDAQ:GOOG) announces Google Buzz, social-networking add-ins to its Gmail product -..."
199,2020-05-15,House's tech antitrust hearing reset for Wednesday
200,2019-12-03,Loop raises Alphabet target on returning growth
201,2020-02-27,"Google (NASDAQ:GOOG) comes up with a way to access Google Docs from the desktop. ""The new..."
202,2009-02-09,"Yahoo (YHOO) continues to outshine Google (NASDAQ:GOOG) in Japanese search, even as ..."
203,2019-08-15,Alphabet probing executives over relationships
204,2008-07-03,Report: Google met with NFL about Sunday Ticket deal
205,2011-04-07,"Higher online media targets from BofA, as trends look up"
206,2019-11-01,"France, U.S. declare digital tax truce"
207,2016-11-16,Cloud stalwarts are winners in long-term work-from-home - Wedbush
208,2020-01-07,Loon preps first commercial test
209,2009-01-08,Alphabet gets new Street-high on ad strength
210,2008-09-29,YouTube weighs major changes to children's content approach - WSJ
211,2019-09-05,U.S. tech probes to complete next year - AG
212,2019-08-27,U.K. set to introduce digital services tax
213,2019-09-11,Huawei easing Android dependence
214,2019-12-09,"Loon, Telef√≥nica bringing internet to remote Amazon"
215,2013-06-28,"In what's arguably a shot across Google's (NASDAQ:GOOG) bow, Samsung (OTC:SSNLF) is partnering..."
216,2013-03-19,House releases answers from Big Tech queries
217,2020-06-18,"Google (NASDAQ:GOOG) ""buying Waze is all defense but great defense wins championships,"" tweets..."
218,2020-07-31,Big techs lift stocks; Apple soars 10% to new record
219,2020-07-17,"Android (NASDAQ:GOOG) chief Andy Rubin is switching to a different, unnamed role at ...."
220,2012-12-07,"To no one's surprise, the Google Maps iPhone app now sits atop the App Store free download..."
221,2012-09-11,Speculation over Google (NASDAQ:GOOG) making a bid for Waze doesn't ring true to TechCrunch with...
222,2012-08-11,"Mobile is ""clearly"" having an impact on Google's (NASDAQ:GOOG) ad prices, but it's not the only..."
224,2020-02-26,The FTC's probe of Google (NASDAQ:GOOG) is expected to end this year without any antitrust...
225,2012-11-12,"Google (NASDAQ:GOOG) launches Keep, a Web/mobile note-taking service that's aimed squarely at..."
226,2013-03-27,New tariff could pinch French retailers
227,2013-03-14,The EU is giving Google (NASDAQ:GOOG) 4 months to amend its privacy policy or face disciplinary...
228,2009-09-08,"After surging for much of 2011, Google Chrome's (NASDAQ:GOOG) PC browser share has edged lower..."
229,2013-02-23,Though Eric Schmidt didn't sound enthusiastic about Google's relationship with Apple earlier...
230,2013-03-05,"After meeting with Samsung (OTC:SSNLF) execs, Google's (NASDAQ:GOOG) Eric Schmidt provided a..."
231,2018-11-07,Google (NASDAQ:GOOG) and the EU have reportedly agreed to the outline for a settlement of the...
232,2012-12-26,Google (NASDAQ:GOOG) chairman Eric Schmidt has sent the EU a letter offering concessions in...
233,2013-01-07,Is Google (NASDAQ:GOOG) looking to expand its last-mile fiber network beyond a Kansas City...
235,2013-01-22,Big court rulings out of Europe (updated)
236,2012-06-14,Uber doubling Black leadership by 2025
237,2012-10-05,Buyers of Google's (NASDAQ:GOOG) Chromecast will no longer receive three months of free Netflix...
239,2012-10-18,"The tech sector may be selling off in sympathy with Apple and Facebook, but (GOOG +1.5%)..."
240,2012-09-27,"Google (NASDAQ:GOOG) plans to roll out a branded tablet later this year to be priced at $150,..."
242,2012-07-30,U.S. to impose tariff on French goods in tax tussle - Bloomberg
244,2008-10-08,Google (NASDAQ:GOOG) has sent out invitations for a July 26 Kansas City event that will likely...
245,2012-06-24,South Korea's Fair Trade Commission is accusing Google (NASDAQ:GOOG) of interfering with a...
246,2012-07-14,Clearance in China removes the last hurdle for Google's (NASDAQ:GOOG) $12B bid for Motorola...
248,2012-04-27,In a sign the FTC is looking to take its broad-reaching antitrust investigation of ...
249,2011-12-01,Russian planning much bigger fines for tech firms - report
252,2012-05-24,"Though many are already eulogizing Google+ (NASDAQ:GOOG), Nick Bilton thinks they're missing the..."
253,2012-04-16,Google's (NASDAQ:GOOG) anticipated cloud storage service will come with 5GB of free space and...
256,2012-02-19,Google's (GOOG -3.3%) pending Motorola Mobility (NYSE:MMI) acquisition could distract senior...
257,2011-09-15,"Google (NASDAQ:GOOG) is looking to sell Motorola Mobility's (NYSE:MMI) set-top box business,..."
258,2012-02-28,"While the EU receives complaints about Google+, FTC chairman Jon Leibowitz is blasting recent..."
260,2011-08-28,More evidence emerges that a large chunk of Google+'s (NASDAQ:GOOG) early adopters are losing...
261,2019-05-21,Google (NASDAQ:GOOG) is doubling the size of its office space near Seattle and ramping up the...
262,2011-12-20,Wells Fargo sees huge upside for resale market
263,2013-02-19,Daimler (DDAIY.PK) announces a strategic partnership with Google that will allow the car maker...
264,2013-02-02,"Android is now seeing over 700K devices activated per day, claims Google (NASDAQ:GOOG) mobile..."
265,2011-12-08,"Google (NASDAQ:GOOG) says it is compliant with India's tax rules, in response to a local report..."
266,2013-07-15,"Citigroup upgrades Google (GOOG +2.8%) to Buy, noting the company is trading below market..."
267,2011-11-11,Benchmark is reiterating a Buy and $700 PT on Google (NASDAQ:GOOG) heading into Thursday's Q3...
268,2011-11-04,Bernstein's Carlos Kirjner is launching coverage of Google (NASDAQ:GOOG) and Amazon...
269,2011-10-18,"Google (NASDAQ:GOOG) steps up its campaign to compete with Facebook in social networking,..."
270,2012-10-19,Though OpenTable (NASDAQ:OPEN) are worried about Google's (NASDAQ:GOOG) potential impact in...
272,2011-09-23,"Google (NASDAQ:GOOG) decides to dissolve Slide, an independent social apps unit, after its apps..."
273,2011-08-03,Oracle (NYSE:ORCL) has proposed having a mediation session with Google (NASDAQ:GOOG) this month...
275,2011-08-19,"There's been plenty of talk of Google+ (NASDAQ:GOOG) challenging Facebook, and a little about it..."
276,2020-06-10,Yahoo (YHOO) is once more trying to mount a challenge to Google's (NASDAQ:GOOG) AdSense display...
277,2011-07-19,"Hurricane Sandy may have cancelled Google's (NASDAQ:GOOG) NYC Android event, but the company is..."
278,2012-07-26,"Google (NASDAQ:GOOG) Executive Chairman Eric Schmidt will testify in the Senate, likely in..."
279,2013-05-15,"Google (NASDAQ:GOOG) dismisses as ""rumors and speculation"" the media report that claims it asked..."
280,2010-11-18,Final vote for EU's controversial copyright law
281,2018-09-18,"Google Now (GOOG +2.1%), beloved by many Android users for pushing info to them via..."
282,2011-04-25,Palo Alto hires AWS vet as CFO
283,2012-07-30,Google (NASDAQ:GOOG) said yesterday it will delay the launch of its Nexus Q music-and...
284,2011-04-05,"Google (NASDAQ:GOOG) sues the U.S. Interior Department, alleging the agency wrote procurement..."
285,2011-03-25,Apple holds 6% of U.S. smart speakers - report
288,2012-07-19,Vringo (VRNG) -2.7% AH after SA contributor Patent Plays makes note of a motion filed...
289,2019-01-22,Google (NASDAQ:GOOG) and Facebook (NASDAQ:FB) are vying to take a stake in popular music video...
290,2012-06-29,Google Chrome (NASDAQ:GOOG) has passed Internet Explorer (NASDAQ:MSFT) to become the world's...
291,2011-02-16,Google (NASDAQ:GOOG) acquires eReader platform provider eBook Technologies for undisclosed...
292,2012-05-03,Kayak (KYAK +2.7%) rallied today after CEO Steve Hafner declared on CNBC (video) that ...
293,2012-04-25,Google (NASDAQ:GOOG) cuts pricing on its cloud storage services by up to 15% following similar...
294,2012-12-13,"Google (NASDAQ:GOOG) co-founder Sergey Brin warns of ""very powerful forces that have lined up..."
295,2012-01-19,Google (GOOG +0.5%) has passed Apple (AAPL +0.3%) as the biggest holding among the top 50...
296,2010-11-26,DOJ holding tech forum to combat scams
297,2012-01-06,Google (NASDAQ:GOOG) is promising U.K. regulators it will improve security policy to avoid...
298,2010-11-11,Fox (NASDAQ:NWS) is joining other networks in blocking Google TV (NASDAQ:GOOG) from using its...
299,2012-03-06,"As expected, Google (GOOG +0.6%) and KKR (NYSE:KKR) announce plans to jointly acquire a..."
302,2010-11-09,"Sources say all Google (NASDAQ:GOOG) employees will receive a 10% raise, on top of a $1K holiday..."
303,2010-09-07,"Google (NASDAQ:GOOG): ""Our core business grew very well, and our newer businesses - particularly..."
304,2013-05-17,Google is said to be in negotiations with some of Hollywood's top studios to launch a global...
305,2010-09-21,New Zealand next to plan digital tax
306,2011-12-20,"In a move that Google (NASDAQ:GOOG) and other tech giants have long lobbied for, the FCC has..."
307,2011-10-21,The attorney general of Connecticut says 37 states have joined his investigation of (GOOG...
308,2012-10-25,Sunrun announces Tom vonReichbauer as new CFO
309,2011-11-23,Report: Facebook discontinuing iOS mobile research program
310,2012-10-29,"Robots and space elevators are among 100 ""shoot-for-the-stars"" ideas being developed at X..."
311,2013-07-22,"After failing to buy Flipboard, Google (NASDAQ:GOOG) decides to beat the reader app provider at..."
312,2011-10-27,Samsung's (OTC:SSNLF) ~300% Y/Y growth in smartphone sales shows how much (NASDAQ:GOOG)...
314,2009-11-25,"More on Google's (NASDAQ:GOOG) Q3 results: International markets accounted for 55% of revenue,..."
315,2011-06-20,YouTube offering ad-supported movies
316,2018-07-24,Yahoo (YHOO +1.5%) continues trading higher after reaching a display ad deal with (GOOG)...
318,2011-07-22,Sources say the FTC is fixing to serve Google (GOOG -1.9%) with subpoenas as it begins a formal...
319,2011-08-30,"Google (NASDAQ:GOOG) earns praise, Microsoft (NASDAQ:MSFT) scorn from a congressional panel for..."
320,2011-06-29,It isn't just Google (NASDAQ:GOOG) having problems in China. Foreign companies see shifts in...
321,2011-08-15,"In spite of the Google/Motorola deal, which could disrupt its legal assaults on Android..."
323,2018-11-06,"The Justice Department is scrutinizing Google's (NASDAQ:GOOG) opening $900M offer for 6,000..."
324,2011-07-19,"It's not that long ago that Google (NASDAQ:GOOG) made its biggest misstep, says Chris Thompson -..."
325,2011-07-11,Google it. Terms such...
326,2010-02-18,Google's (NASDAQ:GOOG) announcement that its senior product-management exec is leaving could be...
327,2011-04-21,"S&amp;P has raised its rating on Google's (GOOG +3.1%) debt to AA from AA-, with a stable..."
328,2012-11-06,The management shuffle continues at Google (NASDAQ:GOOG): Following the departure of SVP...
329,2011-02-27,"We're still sorry: In what looks like the key element to a settlement with the FTC, (GOOG..."
331,2009-05-21,CNBC: Alphabet's Verily in talks for insurance push
332,2012-10-17,"Google (NASDAQ:GOOG), Facebook and others have reportedly held low-level takeover talks with..."
333,2018-10-10,Report: Amazon developing game-streaming service
334,2009-08-20,The European Commission opens a formal antitrust probe into whether (GOOG -0.9%) has...
336,2010-11-16,"With over 4M users, Google (GOOG +1%) claims adoption of its Apps Marketplace is growing. But..."
337,2011-01-27,Outgoing Google (NASDAQ:GOOG) CEO Eric Schmidt says his management reshuffle wasn't caused as a...
339,2009-06-15,Long-time Google (NASDAQ:GOOG) foe Consumer Watchdog manages to get its hands on a presentation...
340,2010-10-20,"Google (GOOG -0.7%) edges lower after Benchmark's Clay Moran slashes his PT to $615 from $650,..."
341,2018-08-28,There are at least 2 probable scenarios for Groupon as it walks from Google (NASDAQ:GOOG) to...
342,2018-12-05,"More on Google/MMI: As Adam Muller noted last month, Motorola has $5.5B in cash and deferred tax..."
343,2010-11-12,Morgan Stanley lowers its Alphabet price target ahead of earnings
344,2010-07-07,"Facebook's Mark Zuckerberg, Steve Jobs (NASDAQ:AAPL) and the Google trio (NASDAQ:GOOG) lead..."
345,2010-10-11,Demand Media (DMD -2.6%) sells off yet again on the release of a Google (NASDAQ:GOOG) algorithm...
346,2012-04-13,"The FCC over the weekend met again with Google (NASDAQ:GOOG), AT&amp;T (NYSE:T) and Verizon..."
347,2018-03-08,"Google's (NASDAQ:GOOG) Chrome operating system will be released in the ""late fall,"" says a top..."
348,2010-06-29,"Google (NASDAQ:GOOG) says it is purchasing privately-held ITA Software for about $700M in cash,..."
349,2010-05-12,Google (NASDAQ:GOOG) says its fleet of cars responsible for photographing streets around...
350,2010-07-28,"Carol Bartz (YHOO) can trash-talk Apple (NASDAQ:AAPL) and Google (NASDAQ:GOOG) all she wants,..."
351,2010-07-15,"Market preview: Unimpressive results for GE, Bank of America (NYSE:BAC) and (NASDAQ:GOOG)..."
352,2008-10-23,"Google's (GOOG -1.2%) 30% stock slide can be reversed only by a catalyst, but investors are..."
353,2012-01-20,Google (NASDAQ:GOOG) roundup: 1) YouTube's video upload rate has passed 100 hours per minute....
354,2013-04-03,Dexcom giving $250M in stock to Verily in amended license deal
355,2010-02-23,"Not to start any conspiracy theories, but Michael Arrington reports Google (NASDAQ:GOOG) has..."
356,2010-03-23,Baidu (NASDAQ:BIDU) +16% premarket on Google's (NASDAQ:GOOG) threat to pull out of the Chinese...
357,2010-05-13,"Acknowledging online sales haven't exceeded expectations, Google (NASDAQ:GOOG) is shuttering the..."
358,2011-12-06,"Apple (NASDAQ:AAPL) is suing HTC, maker of Google's (NASDAQ:GOOG) new Nexus One phone, claiming..."
359,2010-01-11,"Alphabet roundup: Ex-Pentagon official ""alarmed"", $1B commitment with AbbVie"
360,2010-01-30,YouTube's search update targets fake news; Pixel 2 comes with added benefits
361,2018-05-04,"Google (NASDAQ:GOOG) has been the most vocal about the cyber-attack in China, but plenty of..."
362,2011-10-12,Akamai (NASDAQ:AKAM) soars 12.1% AH after BI claims multiple sources believe ...
363,2010-01-29,"Google (NASDAQ:GOOG) sold only 80,000 Nexus One phones in its first month, compared to 600,000..."
364,2020-03-24,Google (NASDAQ:GOOG) has cancelled its Oct. 29 NYC Android event due to Hurricane Sandy. The...
365,2009-12-28,Google's (NASDAQ:GOOG) ready to give Baidu (NASDAQ:BIDU) a run for its money in China.
366,2018-09-21,"Sources say Google (NASDAQ:GOOG) is in advanced talks to buy Yelp, a review site for local..."
367,2009-09-22,Reflecting on the emerging News Corp. (NASDAQ:NWS) / Microsoft (NASDAQ:MSFT) / ...
368,2009-07-01,"Alphabet's Waymo hires Netflix, GM Cruise vet"
369,2009-06-02,"Google (GOOG -1.1%) confirms it's received a subpoena from the FTC, formal notice that antitrust..."
370,2009-06-01,"Bing, Wolfram Alpha, Topsy. Google (NASDAQ:GOOG) faces growing competition from companies trying..."
371,2009-07-17,"Though Apple's run to $700 has garnered more headlines, Google (GOOG +0.8%) has also been on a..."
372,2019-03-25,Michael Arrington dismisses skeptics who think Google's just-announced Chrome OS (NASDAQ:GOOG)...
373,2009-04-04,Staples (SPLS -1.1%) announces that it will take pre-sale orders for Nexus 7 from both...
374,2009-04-29,Blast from the past: BusinessWeek's December 2000 article wondering if (NASDAQ:GOOG) will...
375,2017-06-16,"Wolfram Alpha is no Google killer, John Dvorak says, but it ""will not disappoint readers of..."
376,2009-05-07,"Google (NASDAQ:GOOG) CEO Eric Schmidt expects more regulatory scrutiny of his company, but..."
377,2009-02-19,"Watch out, Microsoft (NASDAQ:MSFT). Analysts say Google's (NASDAQ:GOOG) Android operating system..."
379,2009-01-22,Google (NASDAQ:GOOG) takes a $1B writedown on the value of its stakes in AOL and Clearwire....
380,2019-01-29,Loopy rumor du jour: Would Google (NASDAQ:GOOG) buy the New York Times (NYSE:NYT)?
381,2009-02-04,Sam's Club (WMT +0.4%) advertises the Google Nexus 7 on the home page of its website with...
382,2009-01-20,Alphabet launches AI-focused investment firm
383,2009-03-05,"In November, Google (NASDAQ:GOOG) led the U.S. ""explicit core search"" market with a 66% share,..."
384,2017-10-11,"Google (NASDAQ:GOOG) may offer a sneak peek at its Chrome Web apps marketplace next Tuesday, say..."
386,2008-10-28,With the DoJ on the verge of killing or watering down the Google (NASDAQ:GOOG)/Yahoo (YHOO)...
387,2008-10-03,Google (NASDAQ:GOOG) gains U.S. search share - again.
389,2008-08-15,"More on Apple (AAPL +8.7%): Henry Blodget notes (I, II) Apple's Q1 profit exceeded Q1..."
390,2008-09-02,"Key quotes from Internet-related companies: Gannett, Google, Journal Communications, Microsoft,..."
392,2011-12-28,Google (NASDAQ:GOOG) is having a hard time finding ways to make money from Web Video.
394,2008-06-04,"Enterprise ogre: Oracle (NYSE:ORCL) buys Salesforce.com (NYSE:CRM), then (NASDAQ:GOOG)..."
396,2008-06-03,"Google (NASDAQ:GOOG), Microsoft (NASDAQ:MSFT), IBM (NYSE:IBM), AMD (NASDAQ:AMD) and a slew of..."
397,2018-07-13,YouTube TV expands virtually nationwide
398,2017-06-02,Washington state sues over election ads
